output,flag,username,timestamp
"'
    <table style=""border-collapse: collapse; width: 100%;"">
        <tr>
            <th style=""border: 1px solid black; padding: 8px;"">姓名</th>
            <th style=""border: 1px solid black; padding: 8px;"">年龄</th>
            <th style=""border: 1px solid black; padding: 8px;"">城市</th>
        </tr>
        <tr>
            <td style=""border: 1px solid black; padding: 8px;"">张三</td>
            <td style=""border: 1px solid black; padding: 8px;"">30</td>
            <td style=""border: 1px solid black; padding: 8px;"">北京</td>
        </tr>
        <tr>
            <td style=""border: 1px solid black; padding: 8px;"">李四</td>
            <td style=""border: 1px solid black; padding: 8px;"">25</td>
            <td style=""border: 1px solid black; padding: 8px;"">上海</td>
        </tr>
        <tr>
            <td style=""border: 1px solid black; padding: 8px;"">王五</td>
            <td style=""border: 1px solid black; padding: 8px;"">35</td>
            <td style=""border: 1px solid black; padding: 8px;"">广州</td>
        </tr>
    </table>
    ",,,2024-05-11 14:05:27.400169
"'
    <table style=""border-collapse: collapse; width: 100%;"">
        <tr>
            <th style=""border: 1px solid black; padding: 8px;"">姓名</th>
            <th style=""border: 1px solid black; padding: 8px;"">年龄</th>
            <th style=""border: 1px solid black; padding: 8px;"">城市</th>
        </tr>
        <tr>
            <td style=""border: 1px solid black; padding: 8px;"">张三</td>
            <td style=""border: 1px solid black; padding: 8px;"">30</td>
            <td style=""border: 1px solid black; padding: 8px;"">北京</td>
        </tr>
        <tr>
            <td style=""border: 1px solid black; padding: 8px;"">李四</td>
            <td style=""border: 1px solid black; padding: 8px;"">25</td>
            <td style=""border: 1px solid black; padding: 8px;"">上海</td>
        </tr>
        <tr>
            <td style=""border: 1px solid black; padding: 8px;"">王五</td>
            <td style=""border: 1px solid black; padding: 8px;"">35</td>
            <td style=""border: 1px solid black; padding: 8px;"">广州</td>
        </tr>
    </table>
    ",,,2024-05-11 14:05:31.217664
